date,name,value
1962,Tuberculosis,0.06365599999999999
1963,Tuberculosis,0.061655999999999996
1964,Tuberculosis,0.054484000000000005
1965,Tuberculosis,0.051553999999999996
1966,Tuberculosis,0.048794
1967,Tuberculosis,0.043532
1968,Tuberculosis,0.039136000000000004
1969,Tuberculosis,0.034509
1970,Tuberculosis,0.031542
1971,Tuberculosis,0.026895
1972,Tuberculosis,0.025608
1973,Tuberculosis,0.022256
1974,Tuberculosis,0.019865999999999998
1975,Tuberculosis,0.018581
1976,Tuberculosis,0.017236
1977,Tuberculosis,0.016013
1978,Tuberculosis,0.015468
1979,Tuberculosis,0.010496
1980,Tuberculosis,0.010154
1981,Tuberculosis,0.009725
1982,Tuberculosis,0.008964
1983,Tuberculosis,0.008616
1984,Tuberculosis,0.00817
1985,Tuberculosis,0.008206
1986,Tuberculosis,0.00821
1987,Tuberculosis,0.007890000000000001
1988,Tuberculosis,0.008573
1989,Tuberculosis,0.008591
1990,Tuberculosis,0.007761
1991,Tuberculosis,0.007205
1992,Tuberculosis,0.006997
1993,Tuberculosis,0.0066040000000000005
1994,Tuberculosis,0.005877
1995,Tuberculosis,0.005221
1996,Tuberculosis,0.004627
1997,Tuberculosis,0.004405
1998,Tuberculosis,0.004122
1999,Tuberculosis,0.003396
2000,Tuberculosis,0.0027949999999999997
2001,Tuberculosis,0.002702
2002,Tuberculosis,0.0027370000000000003
2003,Tuberculosis,0.002432
2004,Tuberculosis,0.0022329999999999997
2005,Tuberculosis,0.002152
2006,Tuberculosis,0.0021190000000000002
2007,Tuberculosis,0.0017739999999999998
2008,Tuberculosis,0.001834
2009,Tuberculosis,0.001638
2010,Tuberculosis,0.0017109999999999998
2011,Tuberculosis,0.001586
2012,Tuberculosis,0.00146
2013,Tuberculosis,0.001568
2014,Tuberculosis,0.001358
2015,Tuberculosis,0.00128
2016,Tuberculosis,0.001417
2017,Tuberculosis,0.001328
1962,All Malignant Neoplasms,1.918691
1963,All Malignant Neoplasms,1.92766
1964,All Malignant Neoplasms,1.9278680000000001
1965,All Malignant Neoplasms,1.947718
1966,All Malignant Neoplasms,1.95505
1967,All Malignant Neoplasms,1.966068
1968,All Malignant Neoplasms,1.988141
1969,All Malignant Neoplasms,1.9850740000000002
1970,All Malignant Neoplasms,1.986207
1971,All Malignant Neoplasms,1.993062
1972,All Malignant Neoplasms,2.003052
1973,All Malignant Neoplasms,2.000051
1974,All Malignant Neoplasms,2.014457
1975,All Malignant Neoplasms,2.001298
1976,All Malignant Neoplasms,2.024936
1977,All Malignant Neoplasms,2.0345020000000003
1978,All Malignant Neoplasms,2.048633
1979,All Malignant Neoplasms,2.039508
1980,All Malignant Neoplasms,2.078602
1981,All Malignant Neoplasms,2.063599
1982,All Malignant Neoplasms,2.083423
1983,All Malignant Neoplasms,2.091159
1984,All Malignant Neoplasms,2.10798
1985,All Malignant Neoplasms,2.112464
1986,All Malignant Neoplasms,2.115286
1987,All Malignant Neoplasms,2.1173580000000003
1988,All Malignant Neoplasms,2.124653
1989,All Malignant Neoplasms,2.141797
1990,All Malignant Neoplasms,2.1601369999999998
1991,All Malignant Neoplasms,2.151869
1992,All Malignant Neoplasms,2.1351009999999997
1993,All Malignant Neoplasms,2.134968
1994,All Malignant Neoplasms,2.117325
1995,All Malignant Neoplasms,2.098452
1996,All Malignant Neoplasms,2.067326
1997,All Malignant Neoplasms,2.034514
1998,All Malignant Neoplasms,2.007503
1999,All Malignant Neoplasms,2.007564
2000,All Malignant Neoplasms,1.9962380000000002
2001,All Malignant Neoplasms,1.964682
2002,All Malignant Neoplasms,1.943539
2003,All Malignant Neoplasms,1.9086419999999997
2004,All Malignant Neoplasms,1.8677720000000002
2005,All Malignant Neoplasms,1.8508349999999998
2006,All Malignant Neoplasms,1.8178290000000001
2007,All Malignant Neoplasms,1.792693
2008,All Malignant Neoplasms,1.76364
2009,All Malignant Neoplasms,1.7350869999999998
2010,All Malignant Neoplasms,1.727887
2011,All Malignant Neoplasms,1.689591
2012,All Malignant Neoplasms,1.664755
2013,All Malignant Neoplasms,1.632111
2014,All Malignant Neoplasms,1.6121299999999998
2015,All Malignant Neoplasms,1.585029
2016,All Malignant Neoplasms,1.55771
2017,All Malignant Neoplasms,1.5247030000000001
1962,Diabetes Mellitus,0.22451100000000002
1963,Diabetes Mellitus,0.22813899999999998
1964,Diabetes Mellitus,0.22436399999999998
1965,Diabetes Mellitus,0.22794299999999998
1966,Diabetes Mellitus,0.234535
1967,Diabetes Mellitus,0.233303
1968,Diabetes Mellitus,0.253105
1969,Diabetes Mellitus,0.251067
1970,Diabetes Mellitus,0.24270300000000003
1971,Diabetes Mellitus,0.23866500000000002
1972,Diabetes Mellitus,0.237129
1973,Diabetes Mellitus,0.229773
1974,Diabetes Mellitus,0.22063000000000002
1975,Diabetes Mellitus,0.20291700000000001
1976,Diabetes Mellitus,0.194685
1977,Diabetes Mellitus,0.181617
1978,Diabetes Mellitus,0.182867
1979,Diabetes Mellitus,0.17489200000000002
1980,Diabetes Mellitus,0.180706
1981,Diabetes Mellitus,0.175677
1982,Diabetes Mellitus,0.171743
1983,Diabetes Mellitus,0.17621900000000001
1984,Diabetes Mellitus,0.17158900000000002
1985,Diabetes Mellitus,0.173854
1986,Diabetes Mellitus,0.171632
1987,Diabetes Mellitus,0.174507
1988,Diabetes Mellitus,0.180254
1989,Diabetes Mellitus,0.205177
1990,Diabetes Mellitus,0.20654099999999997
1991,Diabetes Mellitus,0.20665
1992,Diabetes Mellitus,0.207103
1993,Diabetes Mellitus,0.218696
1994,Diabetes Mellitus,0.22590500000000002
1995,Diabetes Mellitus,0.23198600000000003
1996,Diabetes Mellitus,0.237575
1997,Diabetes Mellitus,0.236848
1998,Diabetes Mellitus,0.240581
1999,Diabetes Mellitus,0.250131
2000,Diabetes Mellitus,0.250431
2001,Diabetes Mellitus,0.253601
2002,Diabetes Mellitus,0.256133
2003,Diabetes Mellitus,0.25503000000000003
2004,Diabetes Mellitus,0.247427
2005,Diabetes Mellitus,0.24929899999999997
2006,Diabetes Mellitus,0.235737
2007,Diabetes Mellitus,0.227816
2008,Diabetes Mellitus,0.22036599999999998
2009,Diabetes Mellitus,0.21038800000000002
2010,Diabetes Mellitus,0.20800700000000003
2011,Diabetes Mellitus,0.216617
2012,Diabetes Mellitus,0.21187399999999998
2013,Diabetes Mellitus,0.211799
2014,Diabetes Mellitus,0.209531
2015,Diabetes Mellitus,0.212878
2016,Diabetes Mellitus,0.210013
2017,Diabetes Mellitus,0.214464
1962,Cerebrovascular Disease,1.728061
1963,Cerebrovascular Disease,1.7119060000000001
1964,Cerebrovascular Disease,1.63332
1965,Cerebrovascular Disease,1.6253
1966,Cerebrovascular Disease,1.619936
1967,Cerebrovascular Disease,1.563662
1968,Cerebrovascular Disease,1.625291
1969,Cerebrovascular Disease,1.554136
1970,Cerebrovascular Disease,1.4766059999999999
1971,Cerebrovascular Disease,1.476302
1972,Cerebrovascular Disease,1.473329
1973,Cerebrovascular Disease,1.451734
1974,Cerebrovascular Disease,1.367718
1975,Cerebrovascular Disease,1.2351370000000002
1976,Cerebrovascular Disease,1.174189
1977,Cerebrovascular Disease,1.104017
1978,Cerebrovascular Disease,1.0370549999999998
1979,Cerebrovascular Disease,0.972981
1980,Cerebrovascular Disease,0.9645030000000001
1981,Cerebrovascular Disease,0.8969729999999999
1982,Cerebrovascular Disease,0.843801
1983,Cerebrovascular Disease,0.813561
1984,Cerebrovascular Disease,0.7894680000000001
1985,Cerebrovascular Disease,0.766187
1986,Cerebrovascular Disease,0.732516
1987,Cerebrovascular Disease,0.7181529999999999
1988,Cerebrovascular Disease,0.707978
1989,Cerebrovascular Disease,0.671068
1990,Cerebrovascular Disease,0.654997
1991,Cerebrovascular Disease,0.630764
1992,Cerebrovascular Disease,0.616351
1993,Cerebrovascular Disease,0.628502
1994,Cerebrovascular Disease,0.627905
1995,Cerebrovascular Disease,0.632672
1996,Cerebrovascular Disease,0.6261800000000001
1997,Cerebrovascular Disease,0.612312
1998,Cerebrovascular Disease,0.5945090000000001
1999,Cerebrovascular Disease,0.6160399999999999
2000,Cerebrovascular Disease,0.6085119999999999
2001,Cerebrovascular Disease,0.5837289999999999
2002,Cerebrovascular Disease,0.57258
2003,Cerebrovascular Disease,0.5457
2004,Cerebrovascular Disease,0.511831
2005,Cerebrovascular Disease,0.479616
2006,Cerebrovascular Disease,0.448233
2007,Cerebrovascular Disease,0.435079
2008,Cerebrovascular Disease,0.42076
2009,Cerebrovascular Disease,0.39607
2010,Cerebrovascular Disease,0.391417
2011,Cerebrovascular Disease,0.378938
2012,Cerebrovascular Disease,0.36884
2013,Cerebrovascular Disease,0.361705
2014,Cerebrovascular Disease,0.364737
2015,Cerebrovascular Disease,0.376195
2016,Cerebrovascular Disease,0.37349099999999996
2017,Cerebrovascular Disease,0.375874
1962,All Heart Disease,5.483364
1963,All Heart Disease,5.514154
1964,All Heart Disease,5.343587
1965,All Heart Disease,5.331957
1966,All Heart Disease,5.320983999999999
1967,All Heart Disease,5.17504
1968,All Heart Disease,5.314291000000001
1969,All Heart Disease,5.170841
1970,All Heart Disease,4.929598
1971,All Heart Disease,4.9303870000000005
1972,All Heart Disease,4.903876
1973,All Heart Disease,4.822325
1974,All Heart Disease,4.589241
1975,All Heart Disease,4.313358
1976,All Heart Disease,4.270555
1977,All Heart Disease,4.138177
1978,All Heart Disease,4.1006540000000005
1979,All Heart Disease,4.0163269999999995
1980,All Heart Disease,4.120938
1981,All Heart Disease,3.9699190000000004
1982,All Heart Disease,3.8905260000000004
1983,All Heart Disease,3.888733
1984,All Heart Disease,3.7879629999999995
1985,All Heart Disease,3.74936
1986,All Heart Disease,3.651136
1987,All Heart Disease,3.559249
1988,All Heart Disease,3.5247010000000003
1989,All Heart Disease,3.3203730000000005
1990,All Heart Disease,3.2182169999999997
1991,All Heart Disease,3.125362
1992,All Heart Disease,3.0402709999999997
1993,All Heart Disease,3.0812
1994,All Heart Disease,2.974814
1995,All Heart Disease,2.9340889999999997
1996,All Heart Disease,2.857309
1997,All Heart Disease,2.776595
1998,All Heart Disease,2.71316
1999,All Heart Disease,2.664438
2000,All Heart Disease,2.576241
2001,All Heart Disease,2.495013
2002,All Heart Disease,2.446532
2003,All Heart Disease,2.363175
2004,All Heart Disease,2.216195
2005,All Heart Disease,2.1684240000000004
2006,All Heart Disease,2.054774
2007,All Heart Disease,1.960851
2008,All Heart Disease,1.921044
2009,All Heart Disease,1.828212
2010,All Heart Disease,1.7913259999999998
2011,All Heart Disease,1.737396
2012,All Heart Disease,1.70501
2013,All Heart Disease,1.6977380000000002
2014,All Heart Disease,1.6696080000000002
2015,All Heart Disease,1.684709
2016,All Heart Disease,1.655169
2017,All Heart Disease,1.650523
1962,Influenza & Pneumonia,0.468095
1963,Influenza & Pneumonia,0.5483399999999999
1964,Influenza & Pneumonia,0.44498000000000004
1965,Influenza & Pneumonia,0.45743999999999996
1966,Influenza & Pneumonia,0.466425
1967,Influenza & Pneumonia,0.41305699999999995
1968,Influenza & Pneumonia,0.526517
1969,Influenza & Pneumonia,0.477862
1970,Influenza & Pneumonia,0.41692799999999997
1971,Influenza & Pneumonia,0.38460300000000003
1972,Influenza & Pneumonia,0.41278400000000004
1973,Influenza & Pneumonia,0.411208
1974,Influenza & Pneumonia,0.35444200000000003
1975,Influenza & Pneumonia,0.34947399999999995
1976,Influenza & Pneumonia,0.38786
1977,Influenza & Pneumonia,0.31005900000000003
1978,Influenza & Pneumonia,0.34536500000000003
1979,Influenza & Pneumonia,0.260999
1980,Influenza & Pneumonia,0.31452800000000003
1981,Influenza & Pneumonia,0.299829
1982,Influenza & Pneumonia,0.265151
1983,Influenza & Pneumonia,0.29756900000000003
1984,Influenza & Pneumonia,0.306394
1985,Influenza & Pneumonia,0.34541700000000003
1986,Influenza & Pneumonia,0.348353
1987,Influenza & Pneumonia,0.337731
1988,Influenza & Pneumonia,0.372706
1989,Influenza & Pneumonia,0.359173
1990,Influenza & Pneumonia,0.368021
1991,Influenza & Pneumonia,0.347069
1992,Influenza & Pneumonia,0.32814899999999997
1993,Influenza & Pneumonia,0.34984
1994,Influenza & Pneumonia,0.33605
1995,Influenza & Pneumonia,0.333965
1996,Influenza & Pneumonia,0.32926500000000003
1997,Influenza & Pneumonia,0.332629
1998,Influenza & Pneumonia,0.34578600000000004
1999,Influenza & Pneumonia,0.23504899999999998
2000,Influenza & Pneumonia,0.237283
2001,Influenza & Pneumonia,0.221654
2002,Influenza & Pneumonia,0.231531
2003,Influenza & Pneumonia,0.225744
2004,Influenza & Pneumonia,0.203681
2005,Influenza & Pneumonia,0.21046399999999998
2006,Influenza & Pneumonia,0.184119
2007,Influenza & Pneumonia,0.168381
2008,Influenza & Pneumonia,0.176014
2009,Influenza & Pneumonia,0.16005
2010,Influenza & Pneumonia,0.150313
2011,Influenza & Pneumonia,0.15673800000000002
2012,Influenza & Pneumonia,0.14457799999999998
2013,Influenza & Pneumonia,0.158443
2014,Influenza & Pneumonia,0.14923499999999998
2015,Influenza & Pneumonia,0.152421
2016,Influenza & Pneumonia,0.134697
2017,Influenza & Pneumonia,0.142842
 Asthma,Bronchitis,20276.0
 Asthma,Bronchitis,23884.0
 Asthma,Bronchitis,24647.0
 Asthma,Bronchitis,27951.0
 Asthma,Bronchitis,29737.0
 Asthma,Bronchitis,30315.0
 Asthma,Bronchitis,33076.0
 Asthma,Bronchitis,31139.0
 Asthma,Bronchitis,30882.0
 Asthma,Bronchitis,30281.0
 Asthma,Bronchitis,30764.0
 Asthma,Bronchitis,29705.0
 Asthma,Bronchitis,26876.0
 Asthma,Bronchitis,25464.0
 Asthma,Bronchitis,24408.0
 Asthma,Bronchitis,22358.0
 Asthma,Bronchitis,21871.0
 Asthma,Bronchitis,19815.0
 Asthma,Bronchitis,20495.0
 Asthma,Bronchitis,20107.0
 Asthma,Bronchitis,19437.0
 Asthma,Bronchitis,20427.0
 Asthma,Bronchitis,20371.0
 Asthma,Bronchitis,21643.0
 Asthma,Bronchitis,22173.0
 Asthma,Bronchitis,22420.0
 Asthma,Bronchitis,23826.0
 Asthma,Bronchitis,24093.0
 Asthma,Bronchitis,24124.0
 Asthma,Bronchitis,25268.0
 Asthma,Bronchitis,24991.0
 Asthma,Bronchitis,26527.0
 Asthma,Bronchitis,26279.0
 Asthma,Bronchitis,25897.0
 Asthma,Bronchitis,26101.0
 Asthma,Bronchitis,26005.0
 Asthma,Bronchitis,26025.0
 Asthma,Bronchitis,123207.0
 Asthma,Bronchitis,121056.0
 Asthma,Bronchitis,122041.0
 Asthma,Bronchitis,123831.0
 Asthma,Bronchitis,125446.0
 Asthma,Bronchitis,121028.0
 Asthma,Bronchitis,129957.0
 Asthma,Bronchitis,123606.0
 Asthma,Bronchitis,127017.0
 Asthma,Bronchitis,140102.0
 Asthma,Bronchitis,136383.0
 Asthma,Bronchitis,137060.0
 Asthma,Bronchitis,141920.0
 Asthma,Bronchitis,142498.0
 Asthma,Bronchitis,148266.0
 Asthma,Bronchitis,146120.0
 Asthma,Bronchitis,153961.0
 Asthma,Bronchitis,153679.0
 Asthma,Bronchitis,159177.0
1962,Ulcer of Stomach & Duodenum,0.088824
1963,Ulcer of Stomach & Duodenum,0.086822
1964,Ulcer of Stomach & Duodenum,0.077067
1965,Ulcer of Stomach & Duodenum,0.071896
1966,Ulcer of Stomach & Duodenum,0.070062
1967,Ulcer of Stomach & Duodenum,0.065809
1968,Ulcer of Stomach & Duodenum,0.062152
1969,Ulcer of Stomach & Duodenum,0.06039
1970,Ulcer of Stomach & Duodenum,0.054311
1971,Ulcer of Stomach & Duodenum,0.050526999999999996
1972,Ulcer of Stomach & Duodenum,0.048213
1973,Ulcer of Stomach & Duodenum,0.046189999999999995
1974,Ulcer of Stomach & Duodenum,0.041741
1975,Ulcer of Stomach & Duodenum,0.039049
1976,Ulcer of Stomach & Duodenum,0.036516
1977,Ulcer of Stomach & Duodenum,0.033105
1978,Ulcer of Stomach & Duodenum,0.030392000000000002
1979,Ulcer of Stomach & Duodenum,0.032222
1980,Ulcer of Stomach & Duodenum,0.032761
1981,Ulcer of Stomach & Duodenum,0.034043000000000004
1982,Ulcer of Stomach & Duodenum,0.034769
1983,Ulcer of Stomach & Duodenum,0.032213
1984,Ulcer of Stomach & Duodenum,0.032572000000000004
1985,Ulcer of Stomach & Duodenum,0.032431
1986,Ulcer of Stomach & Duodenum,0.030998
1987,Ulcer of Stomach & Duodenum,0.029872000000000003
1988,Ulcer of Stomach & Duodenum,0.029675
1989,Ulcer of Stomach & Duodenum,0.029299000000000002
1990,Ulcer of Stomach & Duodenum,0.027655000000000002
1991,Ulcer of Stomach & Duodenum,0.026602999999999998
1992,Ulcer of Stomach & Duodenum,0.025997000000000003
1993,Ulcer of Stomach & Duodenum,0.024666999999999998
1994,Ulcer of Stomach & Duodenum,0.02471
1995,Ulcer of Stomach & Duodenum,0.021733000000000002
1996,Ulcer of Stomach & Duodenum,0.01986
1997,Ulcer of Stomach & Duodenum,0.019530000000000002
1998,Ulcer of Stomach & Duodenum,0.017568
1999,Ulcer of Stomach & Duodenum,0.01676
2000,Ulcer of Stomach & Duodenum,0.016319999999999998
2001,Ulcer of Stomach & Duodenum,0.01585
2002,Ulcer of Stomach & Duodenum,0.014130000000000002
2003,Ulcer of Stomach & Duodenum,0.01329
2004,Ulcer of Stomach & Duodenum,0.01234
2005,Ulcer of Stomach & Duodenum,0.011479000000000001
2006,Ulcer of Stomach & Duodenum,0.010714
2007,Ulcer of Stomach & Duodenum,0.009567
2008,Ulcer of Stomach & Duodenum,0.009503
2009,Ulcer of Stomach & Duodenum,0.008918
2010,Ulcer of Stomach & Duodenum,0.008844
2011,Ulcer of Stomach & Duodenum,0.008666
2012,Ulcer of Stomach & Duodenum,0.008149
2013,Ulcer of Stomach & Duodenum,0.00822
2014,Ulcer of Stomach & Duodenum,0.008173999999999999
2015,Ulcer of Stomach & Duodenum,0.008031
2016,Ulcer of Stomach & Duodenum,0.008287000000000001
2017,Ulcer of Stomach & Duodenum,0.008451
1962,Cirrhosis of Liver,0.136445
1963,Cirrhosis of Liver,0.138594
1964,Cirrhosis of Liver,0.142285
1965,Cirrhosis of Liver,0.14954800000000001
1966,Cirrhosis of Liver,0.159352
1967,Cirrhosis of Liver,0.16334300000000002
1968,Cirrhosis of Liver,0.169415
1969,Cirrhosis of Liver,0.171402
1970,Cirrhosis of Liver,0.17840799999999998
1971,Cirrhosis of Liver,0.177842
1972,Cirrhosis of Liver,0.180096
1973,Cirrhosis of Liver,0.181259
1974,Cirrhosis of Liver,0.178742
1975,Cirrhosis of Liver,0.16709200000000002
1976,Cirrhosis of Liver,0.164426
1977,Cirrhosis of Liver,0.158598
1978,Cirrhosis of Liver,0.152359
1979,Cirrhosis of Liver,0.14835
1980,Cirrhosis of Liver,0.150756
1981,Cirrhosis of Liver,0.142252
1982,Cirrhosis of Liver,0.131918
1983,Cirrhosis of Liver,0.128121
1984,Cirrhosis of Liver,0.126694
1985,Cirrhosis of Liver,0.122522
1986,Cirrhosis of Liver,0.11797
1987,Cirrhosis of Liver,0.116875
1988,Cirrhosis of Liver,0.11633800000000001
1989,Cirrhosis of Liver,0.11596
1990,Cirrhosis of Liver,0.111002
1991,Cirrhosis of Liver,0.107063
1992,Cirrhosis of Liver,0.10428499999999999
1993,Cirrhosis of Liver,0.10216499999999999
1994,Cirrhosis of Liver,0.101217
1995,Cirrhosis of Liver,0.098833
1996,Cirrhosis of Liver,0.09642300000000001
1997,Cirrhosis of Liver,0.095131
1998,Cirrhosis of Liver,0.093423
1999,Cirrhosis of Liver,0.09411
2000,Cirrhosis of Liver,0.093848
2001,Cirrhosis of Liver,0.093422
2002,Cirrhosis of Liver,0.092197
2003,Cirrhosis of Liver,0.092606
2004,Cirrhosis of Liver,0.089254
2005,Cirrhosis of Liver,0.089049
2006,Cirrhosis of Liver,0.087299
2007,Cirrhosis of Liver,0.090514
2008,Cirrhosis of Liver,0.091169
2009,Cirrhosis of Liver,0.091053
2010,Cirrhosis of Liver,0.093562
2011,Cirrhosis of Liver,0.096616
2012,Cirrhosis of Liver,0.09887
2013,Cirrhosis of Liver,0.101122
2014,Cirrhosis of Liver,0.103949
2015,Cirrhosis of Liver,0.108347
2016,Cirrhosis of Liver,0.10732699999999999
2017,Cirrhosis of Liver,0.108771
1962,Nephritis & Nephrosis,0.09565599999999999
1963,Nephritis & Nephrosis,0.09068899999999999
1964,Nephritis & Nephrosis,0.087477
1965,Nephritis & Nephrosis,0.081938
1966,Nephritis & Nephrosis,0.077761
1967,Nephritis & Nephrosis,0.072406
1968,Nephritis & Nephrosis,0.061163999999999996
1969,Nephritis & Nephrosis,0.060284000000000004
1970,Nephritis & Nephrosis,0.055309000000000004
1971,Nephritis & Nephrosis,0.052135
1972,Nephritis & Nephrosis,0.052115999999999996
1973,Nephritis & Nephrosis,0.050092000000000005
1974,Nephritis & Nephrosis,0.047445999999999995
1975,Nephritis & Nephrosis,0.046468
1976,Nephritis & Nephrosis,0.048649
1977,Nephritis & Nephrosis,0.047428
1978,Nephritis & Nephrosis,0.048246
1979,Nephritis & Nephrosis,0.086366
1980,Nephritis & Nephrosis,0.09110700000000001
1981,Nephritis & Nephrosis,0.091199
1982,Nephritis & Nephrosis,0.093511
1983,Nephritis & Nephrosis,0.096357
1984,Nephritis & Nephrosis,0.100093
1985,Nephritis & Nephrosis,0.104229
1986,Nephritis & Nephrosis,0.104369
1987,Nephritis & Nephrosis,0.10373099999999999
1988,Nephritis & Nephrosis,0.10354000000000001
1989,Nephritis & Nephrosis,0.095522
1990,Nephritis & Nephrosis,0.092899
1991,Nephritis & Nephrosis,0.092529
1992,Nephritis & Nephrosis,0.09374199999999999
1993,Nephritis & Nephrosis,0.096385
1994,Nephritis & Nephrosis,0.093115
1995,Nephritis & Nephrosis,0.093999
1996,Nephritis & Nephrosis,0.094534
1997,Nephritis & Nephrosis,0.096623
1998,Nephritis & Nephrosis,0.097938
1999,Nephritis & Nephrosis,0.13813699999999998
2000,Nephritis & Nephrosis,0.142626
2001,Nephritis & Nephrosis,0.14816500000000002
2002,Nephritis & Nephrosis,0.15146400000000002
2003,Nephritis & Nephrosis,0.154426
2004,Nephritis & Nephrosis,0.152274
2005,Nephritis & Nephrosis,0.15395599999999998
2006,Nephritis & Nephrosis,0.155325
2007,Nephritis & Nephrosis,0.155968
2008,Nephritis & Nephrosis,0.158496
2009,Nephritis & Nephrosis,0.15803699999999998
2010,Nephritis & Nephrosis,0.160808
2011,Nephritis & Nephrosis,0.143283
2012,Nephritis & Nephrosis,0.141361
2013,Nephritis & Nephrosis,0.14322200000000002
2014,Nephritis & Nephrosis,0.14438299999999998
2015,Nephritis & Nephrosis,0.148099
2016,Nephritis & Nephrosis,0.147277
2017,Nephritis & Nephrosis,0.147292
1962,Motor Vehicle Accidents,0.24059499999999998
1963,Motor Vehicle Accidents,0.25258
1964,Motor Vehicle Accidents,0.26344
1965,Motor Vehicle Accidents,0.27081900000000003
1966,Motor Vehicle Accidents,0.28565799999999997
1967,Motor Vehicle Accidents,0.280002
1968,Motor Vehicle Accidents,0.286572
1969,Motor Vehicle Accidents,0.285193
1970,Motor Vehicle Accidents,0.27565500000000004
1971,Motor Vehicle Accidents,0.266739
1972,Motor Vehicle Accidents,0.270937
1973,Motor Vehicle Accidents,0.261842
1974,Motor Vehicle Accidents,0.213601
1975,Motor Vehicle Accidents,0.20783000000000001
1976,Motor Vehicle Accidents,0.20889699999999997
1977,Motor Vehicle Accidents,0.21537199999999998
1978,Motor Vehicle Accidents,0.224204
1979,Motor Vehicle Accidents,0.226093
1980,Motor Vehicle Accidents,0.222619
1981,Motor Vehicle Accidents,0.21266999999999997
1982,Motor Vehicle Accidents,0.188368
1983,Motor Vehicle Accidents,0.182062
1984,Motor Vehicle Accidents,0.187771
1985,Motor Vehicle Accidents,0.185337
1986,Motor Vehicle Accidents,0.190686
1987,Motor Vehicle Accidents,0.192065
1988,Motor Vehicle Accidents,0.194639
1989,Motor Vehicle Accidents,0.188253
1990,Motor Vehicle Accidents,0.184367
1991,Motor Vehicle Accidents,0.169545
1992,Motor Vehicle Accidents,0.158368
1993,Motor Vehicle Accidents,0.16023199999999999
1994,Motor Vehicle Accidents,0.16125799999999998
1995,Motor Vehicle Accidents,0.16257
1996,Motor Vehicle Accidents,0.161983
1997,Motor Vehicle Accidents,0.15950999999999999
1998,Motor Vehicle Accidents,0.157716
1999,Motor Vehicle Accidents,0.164486
2000,Motor Vehicle Accidents,0.164148
2001,Motor Vehicle Accidents,0.163243
2002,Motor Vehicle Accidents,0.165056
2003,Motor Vehicle Accidents,0.1624
2004,Motor Vehicle Accidents,0.16045299999999998
2005,Motor Vehicle Accidents,0.15978900000000001
2006,Motor Vehicle Accidents,0.15793
2007,Motor Vehicle Accidents,0.15112
2008,Motor Vehicle Accidents,0.135889
2009,Motor Vehicle Accidents,0.122875
2010,Motor Vehicle Accidents,0.11841600000000001
2011,Motor Vehicle Accidents,0.11710899999999999
2012,Motor Vehicle Accidents,0.11885
2013,Motor Vehicle Accidents,0.11440399999999999
2014,Motor Vehicle Accidents,0.113245
2015,Motor Vehicle Accidents,0.119598
2016,Motor Vehicle Accidents,0.12670599999999999
2017,Motor Vehicle Accidents,0.125273
1962,All Other Accidents,0.39006199999999996
1963,All Other Accidents,0.387731
1964,All Other Accidents,0.373313
1965,All Other Accidents,0.381373
1966,All Other Accidents,0.38405900000000004
1967,All Other Accidents,0.376459
1968,All Other Accidents,0.368769
1969,All Other Accidents,0.364319
1970,All Other Accidents,0.34663499999999997
1971,All Other Accidents,0.33705100000000005
1972,All Other Accidents,0.33161599999999997
1973,All Other Accidents,0.33115700000000003
1974,All Other Accidents,0.313197
1975,All Other Accidents,0.29994499999999996
1976,All Other Accidents,0.27789200000000003
1977,All Other Accidents,0.27255100000000004
1978,All Other Accidents,0.26490199999999997
1979,All Other Accidents,0.252711
1980,All Other Accidents,0.253828
1981,All Other Accidents,0.233963
1982,All Other Accidents,0.22478299999999998
1983,All Other Accidents,0.22094499999999997
1984,All Other Accidents,0.212209
1985,All Other Accidents,0.212839
1986,All Other Accidents,0.208925
1987,All Other Accidents,0.203602
1988,All Other Accidents,0.207254
1989,All Other Accidents,0.201731
1990,All Other Accidents,0.19050999999999998
1991,All Other Accidents,0.188609
1992,All Other Accidents,0.185309
1993,All Other Accidents,0.193388
1994,All Other Accidents,0.191638
1995,All Other Accidents,0.192794
1996,All Other Accidents,0.194991
1997,All Other Accidents,0.195108
1998,All Other Accidents,0.200005
1999,All Other Accidents,0.18338800000000002
2000,All Other Accidents,0.18040699999999998
2001,All Other Accidents,0.188019
2002,All Other Accidents,0.200409
2003,All Other Accidents,0.207537
2004,All Other Accidents,0.21454099999999998
2005,All Other Accidents,0.229388
2006,All Other Accidents,0.23859699999999998
2007,All Other Accidents,0.24655
2008,All Other Accidents,0.25031
2009,All Other Accidents,0.246416
2010,All Other Accidents,0.255884
2011,All Other Accidents,0.26803
2012,All Other Accidents,0.26508899999999996
2013,All Other Accidents,0.272988
2014,All Other Accidents,0.28539499999999995
2015,All Other Accidents,0.306346
2016,All Other Accidents,0.34068699999999996
2017,All Other Accidents,0.362155
1962,Suicides,0.12901600000000002
1963,Suicides,0.13058699999999998
1964,Suicides,0.126283
1965,Suicides,0.13001
1966,Suicides,0.126728
1967,Suicides,0.12494000000000001
1968,Suicides,0.12388199999999999
1969,Suicides,0.127418
1970,Suicides,0.13126400000000002
1971,Suicides,0.13155799999999998
1972,Suicides,0.133501
1973,Suicides,0.131294
1974,Suicides,0.131622
1975,Suicides,0.13584300000000002
1976,Suicides,0.131923
1977,Suicides,0.136997
1978,Suicides,0.12846300000000002
1979,Suicides,0.125306
1980,Suicides,0.122048
1981,Suicides,0.123083
1982,Suicides,0.124445
1983,Suicides,0.123225
1984,Suicides,0.12571
1985,Suicides,0.12495099999999999
1986,Suicides,0.129777
1987,Suicides,0.12809600000000002
1988,Suicides,0.124749
1989,Suicides,0.12298599999999998
1990,Suicides,0.124984
1991,Suicides,0.122749
1992,Suicides,0.11974000000000001
1993,Suicides,0.120353
1994,Suicides,0.11889100000000001
1995,Suicides,0.11791300000000002
1996,Suicides,0.11525
1997,Suicides,0.11237899999999999
1998,Suicides,0.11114500000000001
1999,Suicides,0.10468399999999999
2000,Suicides,0.10423699999999998
2001,Suicides,0.10687999999999999
2002,Suicides,0.10934100000000001
2003,Suicides,0.107528
2004,Suicides,0.109452
2005,Suicides,0.10880899999999999
2006,Suicides,0.10947899999999999
2007,Suicides,0.112522
2008,Suicides,0.115809
2009,Suicides,0.117281
2010,Suicides,0.12067699999999999
2011,Suicides,0.123057
2012,Suicides,0.12527
2013,Suicides,0.125522
2014,Suicides,0.129245
2015,Suicides,0.132461
2016,Suicides,0.13402
2017,Suicides,0.13968599999999998
1962,Homicides & Other External Causes,0.054591999999999995
1963,Homicides & Other External Causes,0.055101
1964,Homicides & Other External Causes,0.056869
1965,Homicides & Other External Causes,0.061287
1966,Homicides & Other External Causes,0.06571
1967,Homicides & Other External Causes,0.074989
1968,Homicides & Other External Causes,0.104978
1969,Homicides & Other External Causes,0.11118399999999999
1970,Homicides & Other External Causes,0.118529
1971,Homicides & Other External Causes,0.124196
1972,Homicides & Other External Causes,0.12618900000000002
1973,Homicides & Other External Causes,0.127349
1974,Homicides & Other External Causes,0.130448
1975,Homicides & Other External Causes,0.125842
1976,Homicides & Other External Causes,0.114924
1977,Homicides & Other External Causes,0.113076
1978,Homicides & Other External Causes,0.110885
1979,Homicides & Other External Causes,0.11630499999999999
1980,Homicides & Other External Causes,0.120941
1981,Homicides & Other External Causes,0.11635799999999999
1982,Homicides & Other External Causes,0.10727
1983,Homicides & Other External Causes,0.096568
1984,Homicides & Other External Causes,0.093365
1985,Homicides & Other External Causes,0.091807
1986,Homicides & Other External Causes,0.098314
1987,Homicides & Other External Causes,0.09449400000000001
1988,Homicides & Other External Causes,0.09689400000000001
1989,Homicides & Other External Causes,0.098617
1990,Homicides & Other External Causes,0.10435699999999999
1991,Homicides & Other External Causes,0.109804
1992,Homicides & Other External Causes,0.10654200000000001
1993,Homicides & Other External Causes,0.109556
1994,Homicides & Other External Causes,0.10488900000000001
1995,Homicides & Other External Causes,0.096235
1996,Homicides & Other External Causes,0.08914
1997,Homicides & Other External Causes,0.085062
1998,Homicides & Other External Causes,0.07888400000000001
1999,Homicides & Other External Causes,0.09063600000000001
2000,Homicides & Other External Causes,0.089816
2001,Homicides & Other External Causes,0.093027
2002,Homicides & Other External Causes,0.094736
2003,Homicides & Other External Causes,0.09527100000000001
2004,Homicides & Other External Causes,0.092784
2005,Homicides & Other External Causes,0.09336
2006,Homicides & Other External Causes,0.09504800000000001
2007,Homicides & Other External Causes,0.094726
2008,Homicides & Other External Causes,0.091059
2009,Homicides & Other External Causes,0.086384
2010,Homicides & Other External Causes,0.08301900000000001
2011,Homicides & Other External Causes,0.08272
2012,Homicides & Other External Causes,0.083913
2013,Homicides & Other External Causes,0.081079
2014,Homicides & Other External Causes,0.078752
2015,Homicides & Other External Causes,0.08578200000000001
2016,Homicides & Other External Causes,0.09513200000000001
2017,Homicides & Other External Causes,0.09839500000000001
1962,All Other Causes of Death,1.728341
1963,All Other Causes of Death,1.742809
1964,All Other Causes of Death,1.728791
1965,All Other Causes of Death,1.6905119999999998
1966,All Other Causes of Death,1.6728060000000002
1967,All Other Causes of Death,1.6258059999999999
1968,All Other Causes of Death,1.6984150000000002
1969,All Other Causes of Death,1.674993
1970,All Other Causes of Death,1.6015110000000001
1971,All Other Causes of Death,1.571479
1972,All Other Causes of Death,1.551557
1973,All Other Causes of Death,1.5372290000000002
1974,All Other Causes of Death,1.498634
1975,All Other Causes of Death,1.419956
1976,All Other Causes of Death,1.402312
1977,All Other Causes of Death,1.387593
1978,All Other Causes of Death,1.367372
1979,All Other Causes of Death,1.243298
1980,All Other Causes of Death,1.286219
1981,All Other Causes of Death,1.252589
1982,All Other Causes of Death,1.231929
1983,All Other Causes of Death,1.258368
1984,All Other Causes of Death,1.2738049999999999
1985,All Other Causes of Death,1.3238020000000001
1986,All Other Causes of Death,1.3470010000000001
1987,All Other Causes of Death,1.325545
1988,All Other Causes of Death,1.343273
1989,All Other Causes of Death,1.309949
1990,All Other Causes of Death,1.281424
1991,All Other Causes of Death,1.2573450000000002
1992,All Other Causes of Death,1.235558
1993,All Other Causes of Death,1.288743
1994,All Other Causes of Death,1.292101
1995,All Other Causes of Death,1.314393
1996,All Other Causes of Death,1.322549
1997,All Other Causes of Death,1.341689
1998,All Other Causes of Death,1.363181
1999,All Other Causes of Death,1.457202
2000,All Other Causes of Death,1.5030940000000002
2001,All Other Causes of Death,1.538562
2002,All Other Causes of Death,1.5595569999999999
2003,All Other Causes of Death,1.582389
2004,All Other Causes of Death,1.557604
2005,All Other Causes of Death,1.621191
2006,All Other Causes of Death,1.638553
2007,All Other Causes of Death,1.6261079999999999
2008,All Other Causes of Death,1.6799099999999998
2009,All Other Causes of Death,1.640839
2010,All Other Causes of Death,1.672402
2011,All Other Causes of Death,1.7025709999999998
2012,All Other Causes of Death,1.712418
2013,All Other Causes of Death,1.7203119999999998
2014,All Other Causes of Death,1.707686
2015,All Other Causes of Death,1.7238060000000002
2016,All Other Causes of Death,1.720961
2017,All Other Causes of Death,1.73557
1962,AIDS,0.0
1963,AIDS,0.0
1964,AIDS,0.0
1965,AIDS,0.0
1966,AIDS,0.0
1967,AIDS,0.0
1968,AIDS,0.0
1969,AIDS,0.0
1970,AIDS,0.0
1971,AIDS,0.0
1972,AIDS,0.0
1973,AIDS,0.0
1974,AIDS,0.0
1975,AIDS,0.0
1976,AIDS,0.0
1977,AIDS,0.0
1978,AIDS,0.0
1979,AIDS,0.0
1980,AIDS,0.0
1981,AIDS,0.0
1982,AIDS,0.0
1983,AIDS,0.0
1984,AIDS,0.0
1985,AIDS,0.0
1986,AIDS,0.0
1987,AIDS,0.05631900000000001
1988,AIDS,0.0686
1989,AIDS,0.090111
1990,AIDS,0.10198099999999999
1991,AIDS,0.11711600000000001
1992,AIDS,0.131019
1993,AIDS,0.143316
1994,AIDS,0.159902
1995,AIDS,0.161368
1996,AIDS,0.115033
1997,AIDS,0.060309
1998,AIDS,0.048626
1999,AIDS,0.053126
2000,AIDS,0.051523
2001,AIDS,0.049783999999999995
2002,AIDS,0.049152
2003,AIDS,0.047227
2004,AIDS,0.04465
2005,AIDS,0.042285
2006,AIDS,0.040255
2007,AIDS,0.037082
2008,AIDS,0.033104
2009,AIDS,0.029894
2010,AIDS,0.026118000000000002
2011,AIDS,0.023633
2012,AIDS,0.021841
2013,AIDS,0.020822999999999998
2014,AIDS,0.019869
2015,AIDS,0.018756000000000002
2016,AIDS,0.017655
2017,AIDS,0.016053
